Name,Birth Date,Party
"Abad, DamienDamien Abad",5 avril 1980(44 ans),DVD
"Abadie, CarolineCaroline Abadie",7 septembre 1976(47 ans),RE
"Abomangoli, NadègeNadège Abomangoli",15 septembre 1975(48 ans),LFI
"Acquaviva, Jean-FélixJean-Félix Acquaviva",19 mars 1973(51 ans),FaC
"Adam, DamienDamien Adam",28 juin 1989(35 ans),RE
"Alauzet, ÉricÉric Alauzet",7 juin 1958(66 ans),RE-TdP
"Albertini, XavierXavier Albertini",28 janvier 1970(54 ans),Horizons
"Alexandre, LaurentLaurent Alexandre",9 juin 1973(51 ans),LFI
"Alfandari, HenriHenri Alfandari",2 octobre 1979(44 ans),Horizons
"Allisio, FranckFranck Allisio",4 août 1980(43 ans),RN
"Amard, GabrielGabriel Amard",5 mai 1967(57 ans),LFI
"Amiel, DavidDavid Amiel",28 novembre 1992(31 ans),RE
"Amiot, SégolèneSégolène Amiot",23 février 1986(38 ans),LFI
"Amrani, FaridaFarida Amrani",3 septembre 1976(47 ans),LFI
"Anglade, Pieyre-AlexandrePieyre-Alexandre Anglade",2 novembre 1986(37 ans),RE
"Anthoine, EmmanuelleEmmanuelle Anthoine",2 juillet 1964(60 ans),LR
"Ardouin, Jean-PhilippeJean-Philippe Ardouin",5 mars 1964(60 ans),RE
"Arenas, RodrigoRodrigo Arenas",24 avril 1974(50 ans),LFI
"Armand, AntoineAntoine Armand",10 septembre 1991(32 ans),RE
"Arrighi, ChristineChristine Arrighi",19 septembre 1959(64 ans),EELV
"Autain, ClémentineClémentine Autain",26 mai 1973(51 ans),LFI-E!
"Auzanot, BénédicteBénédicte Auzanot",5 août 1972(51 ans),RN
"Aviragnet, JoëlJoël Aviragnet",16 juin 1956(68 ans),PS
"Babault, Anne-LaureAnne-Laure Babault",3 janvier 1982(42 ans),MoDem
"Balanant, ErwanErwan Balanant",21 février 1971(53 ans),MoDem
"Ballard, PhilippePhilippe Ballard",24 novembre 1960(63 ans),RN
"Bannier, GéraldineGéraldine Bannier",22 novembre 1979(44 ans),MoDem
"Baptiste, ChristianChristian Baptiste",18 juin 1962(62 ans),PPDG
"Barthès, ChristopheChristophe Barthès",12 octobre 1966(57 ans),RN
"Bassire, NathalieNathalie Bassire",22 janvier 1968(56 ans),DVD
"Bataillon, QuentinQuentin Bataillon",9 septembre 1993(30 ans),DVC
"Batho, DelphineDelphine Batho",23 mars 1973(51 ans),GE
"Battistel, Marie-NoëlleMarie-Noëlle Battistel",20 août 1956(67 ans),PS
"Batut, XavierXavier Batut",26 décembre 1976(47 ans),DVC
"Baubry, RomainRomain Baubry",28 janvier 1989(35 ans),RN
"Bayou, JulienJulien Bayou",11 juin 1980(44 ans),EELV
"Bazin, ThibaultThibault Bazin",27 octobre 1984(39 ans),LR
"Bazin-Malgras, ValérieValérie Bazin-Malgras",31 octobre 1969(54 ans),LR
"Beaune, ClémentClément Beaune",14 août 1981(42 ans),RE
"Beaurain, JoséJosé Beaurain",27 juillet 1971(52 ans),RN
"Becht, OlivierOlivier Becht",28 avril 1976(48 ans),RE
"Belhaddad, BelkhirBelkhir Belhaddad",9 juillet 1969(55 ans),RE
"Belhamiti, MounirMounir Belhamiti",8 mars 1985(39 ans),RE-PE
"Bellamy, BéatriceBéatrice Bellamy",20 octobre 1966(57 ans),Horizons
"Belluco, LisaLisa Belluco",20 juillet 1988(35 ans),EELV
"Bénard, ÉdouardÉdouard Bénard",18 février 1995(29 ans),PCF
"Ben Cheikh, KarimKarim Ben Cheikh",19 mars 1977,G.s
"Benoit, ThierryThierry Benoit",13 septembre 1966(57 ans),Horizons
"Bentz, ChristopheChristophe Bentz",4 juillet 1987(37 ans),RN
"Berete, FantaFanta Berete",31 mai 1975(49 ans),RE
"Bergantz, AnneAnne Bergantz",17 septembre 1968,MoDem
"Bernaert, DenisDenis Bernaert",1erjanvier 1964(60 ans),HOR
"Bernalicis, UgoUgo Bernalicis",25 septembre 1989(34 ans),LFI
"Berta, PhilippePhilippe Berta",11 avril 1960(64 ans),MoDem
"Berteloot, PierrickPierrick Berteloot",11 janvier 1999(25 ans),RN
"Besse, VéroniqueVéronique Besse",11 août 1963(60 ans),DVD
"Bex, ChristopheChristophe Bex",14 novembre 1961(62 ans),LFI
"Bilde, BrunoBruno Bilde",22 septembre 1976(47 ans),RN
"Bilongo, Carlos MartensCarlos Martens Bilongo",31 décembre 1990(33 ans),LFI
"Blairy, EmmanuelEmmanuel Blairy",14 mars 1986(38 ans),RN
"Blanc, SophieSophie Blanc",20 février 1968(56 ans),RN
"Blanchet, ChristopheChristophe Blanchet",9 avril 1973(51 ans),RE
"Blin, Anne-LaureAnne-Laure Blin",12 juin 1983(41 ans),LR
"Boccaletti, FrédéricFrédéric Boccaletti",23 novembre 1973(50 ans),RN
"Bolo, PhilippePhilippe Bolo",25 mars 1967(57 ans),MoDem
"Bompard, ManuelManuel Bompard",30 mars 1986(38 ans),LFI
"Bonnet, SylvieSylvie Bonnet",21 décembre 1969(54 ans),LR
"Bonnivard, ÉmilieÉmilie Bonnivard",2 août 1980(43 ans),LR
"Bony, Jean-YvesJean-Yves Bony",11 mars 1955(69 ans),LR
"Bordat, BenoîtBenoît Bordat",7 février 1984(40 ans),FP
"Bordes, PascalePascale Bordes",18 octobre 1961(62 ans),RN
"Borne, ÉlisabethÉlisabeth Borne",18 avril 1961(63 ans),RE-TdP
"Bothorel, ÉricÉric Bothorel",20 octobre 1966(57 ans),RE
"Boucard, IanIan Boucard",5 mai 1988(36 ans),LR
"Boudié, FlorentFlorent Boudié",22 septembre 1973(50 ans),RE
"Bouloux, ChantalChantal Bouloux",23 juin 1961(63 ans),RE
"Bouloux, MickaëlMickaël Bouloux",16 août 1972(51 ans),PS
"Boumertit, IdirIdir Boumertit",4 octobre 1974(49 ans),LFI
"Bourgeaux, Jean-LucJean-Luc Bourgeaux",10 avril 1963(61 ans),DVD
"Bourlanges, Jean-LouisJean-Louis Bourlanges",13 juillet 1946(78 ans),MoDem
"Bourouaha, SoumyaSoumya Bourouaha",16 mars 1964(60 ans),PCF
"Bouyx, BertrandBertrand Bouyx",26 mai 1970(54 ans),RE
"Bovet, JorysJorys Bovet",30 mars 1993(31 ans),RN
"Boyard, LouisLouis Boyard",26 août 2000(23 ans),LFI
"Boyer, PascalePascale Boyer",28 septembre 1965(58 ans),RE
"Braun-Pivet, YaëlYaël Braun-Pivet",7 décembre 1970(53 ans),RE
"Bregeon, MaudMaud Bregeon",11 février 1991(33 ans),RE
"Breton, XavierXavier Breton",25 novembre 1962(61 ans),LR
"Bricout, GuyGuy Bricout",18 février 1944(80 ans),UDI
"Bricout, Jean-LouisJean-Louis Bricout",27 décembre 1957(66 ans),DVG
"Brigand, HubertHubert Brigand",28 juillet 1952(71 ans),LR
"Brocard, BlandineBlandine Brocard",3 novembre 1981(42 ans),MoDem
"Brosse, AnthonyAnthony Brosse",4 novembre 1980(43 ans),RE
"Bru, VincentVincent Bru",29 avril 1955(69 ans),MoDem
"Brugnera, AnneAnne Brugnera",28 novembre 1970(53 ans),RE-TdP
"Brulebois, DanielleDanielle Brulebois",4 juillet 1947(77 ans),RE
"Brun, FabriceFabrice Brun",2 avril 1968(56 ans),LR
"Brun, PhilippePhilippe Brun",16 octobre 1991(32 ans),PS
"Buchou, StéphaneStéphane Buchou",14 mars 1974(50 ans),RE
"Buffet, FrançoiseFrançoise Buffet",11 décembre 1953(70 ans),DVC
"Buisson, JérômeJérôme Buisson",15 janvier 1973(51 ans),RN
"Cabrolier, FrédéricFrédéric Cabrolier",12 octobre 1966(57 ans),RN
"Califer, ÉlieÉlie Califer",19 avril 1954(70 ans),FGPS
"Calvez, CélineCéline Calvez",24 juillet 1979(44 ans),RE
"Caroit, ÉléonoreÉléonore Caroit",8 juillet 1985,RE
"Caron, AymericAymeric Caron",4 décembre 1971(52 ans),REV
"Carrière, SylvainSylvain Carrière",21 mai 1991(33 ans),LFI
"Castellani, MichelMichel Castellani",28 septembre 1945(78 ans),FaC
"Castor, Jean-VictorJean-Victor Castor",21 avril 1962(62 ans),MDES
"Catteau, VictorVictor Catteau",18 septembre 1995(28 ans),RN
"Causse, LionelLionel Causse",6 mai 1971(53 ans),RE-TdP
"Cazeneuve, Jean-RenéJean-René Cazeneuve",9 juin 1958(66 ans),RE
"Cazeneuve, PierrePierre Cazeneuve",11 mars 1995(29 ans),RE
"Chailloux, SteveSteve Chailloux",4 novembre 1985(38 ans),Tavini
"Chandler, ÉmilieÉmilie Chandler",29 avril 1983(41 ans),RE
"Chassaigne, AndréAndré Chassaigne",2 juillet 1950(74 ans),PCF
"Chatelain, CyrielleCyrielle Chatelain",15 juillet 1987(37 ans),EELV
"Chauche, FlorianFlorian Chauche",22 janvier 1984(40 ans),LFI
"Chenevard, YannickYannick Chenevard",27 novembre 1959(64 ans),DVC
"Chenu, SébastienSébastien Chenu",13 avril 1973(51 ans),RN
"Chikirou, SophiaSophia Chikirou",3 juin 1979(45 ans),LFI
"Christophe, PaulPaul Christophe",10 février 1971(53 ans),Agir
"Chudeau, RogerRoger Chudeau",28 septembre 1949(74 ans),RN
"Ciotti, ÉricÉric Ciotti",28 septembre 1965(58 ans),LR-A droite !
"Clapot, MireilleMireille Clapot",14 octobre 1963(60 ans),RE-EC
"Clouet, HadrienHadrien Clouet",13 juillet 1991(33 ans),LFI
"Colboc, FabienneFabienne Colboc",9 août 1971(52 ans),RE
"Colomb-Pitollat, ClaireClaire Colomb-Pitollat",17 septembre 1979(44 ans),RE
"Colombani, Paul-AndréPaul-André Colombani",17 août 1967(56 ans),PNC
"Colombier, CarolineCaroline Colombier",22 août 1957(66 ans),RN
"Coquerel, ÉricÉric Coquerel",30 décembre 1958(65 ans),LFI
"Corbière, AlexisAlexis Corbière",17 août 1968(55 ans),LFI
"Cordier, PierrePierre Cordier",27 mai 1972(52 ans),LR
"Cormier-Bouligeon, FrançoisFrançois Cormier-Bouligeon",19 novembre 1972(51 ans),RE
"Corneloup, JosianeJosiane Corneloup",30 septembre 1959(64 ans),LR
"Cosson, MickaëlMickaël Cosson",29 novembre 1975(48 ans),MoDem
"Couillard, BérangèreBérangère Couillard",24 août 1986(37 ans),RE
"Coulomme, Jean-FrançoisJean-François Coulomme",1eravril 1966(58 ans),LFI
"Courson, Charles deCharles de Courson",2 avril 1952(72 ans),LC
"Cousin, AnnickAnnick Cousin",7 août 1973(50 ans),RN
"Couturier, CatherineCatherine Couturier",27 février 1959(65 ans),LFI
"Cristol, LaurenceLaurence Cristol",8 novembre 1967(56 ans),RE
"Croizier, LaurentLaurent Croizier",29 janvier 1975(49 ans),MoDem
"Cubertafon, Jean-PierreJean-Pierre Cubertafon",5 février 1948(76 ans),MoDem
IntorniChristelle  D'Intorni,2 mai 1985(39 ans),LR
"Da Conceicao Carvalho, NathalieNathalie Da Conceicao Carvalho",31 mars 1966(58 ans),RN
"Da Silva, DominiqueDominique Da Silva",30 juin 1968(56 ans),RE
"Dalloz, Marie-ChristineMarie-Christine Dalloz",10 janvier 1958(66 ans),LR
"Darrieussecq, GenevièveGeneviève Darrieussecq",4 mars 1956(68 ans),MoDem
"Daubié, RomainRomain Daubié",5 mai 1980(44 ans),MoDem
"Davi, HendrikHendrik Davi",21 décembre 1977(46 ans),LFI
Alain DavidAlain David,2 juin 1949(75 ans),PS
"Decodts, ChristineChristine Decodts",19 mai 1966(58 ans),RE
"Delaporte, ArthurArthur Delaporte",7 octobre 1991(32 ans),PS
"Delautrette, StéphaneStéphane Delautrette",20 septembre 1972(51 ans),PS
"Delogu, SébastienSébastien Delogu",8 juin 1987(37 ans),LFI
"Delpech, JulieJulie Delpech",25 septembre 1989(34 ans),RE
"Descamps, BéatriceBéatrice Descamps",24 avril 1961(63 ans),PRV
"Descœur, VincentVincent Descœur",13 décembre 1962(61 ans),LR
"Descrozaille, FrédéricFrédéric Descrozaille",16 avril 1967(57 ans),RE
"Desjonquères, MathildeMathilde Desjonquères",6 septembre 1980(43 ans),MoDem
"Dessigny, JocelynJocelyn Dessigny",29 juin 1981(43 ans),RN
"Dharréville, PierrePierre Dharréville",15 juin 1975(49 ans),PCF
"Di Filippo, FabienFabien Di Filippo",23 août 1986(37 ans),LR
"Diaz, EdwigeEdwige Diaz",15 octobre 1987(36 ans),RN
"Dirx, BenjaminBenjamin Dirx",25 janvier 1979(45 ans),RE
"Dive, JulienJulien Dive",21 mai 1985(39 ans),LR
"Dogor-Such, SandrineSandrine Dogor-Such",8 novembre 1970(53 ans),RN
"Dordain, IngridIngrid Dordain",18 mars 1978(46 ans),EC
"Dragon, NicolasNicolas Dragon",19 avril 1977(47 ans),RN
"Dubois, FrancisFrancis Dubois",28 novembre 1961(62 ans),DVD
"Dubré-Chirat, NicoleNicole Dubré-Chirat",18 décembre 1951(72 ans),"RE,Cap21"
"Duby-Muller, VirginieVirginie Duby-Muller",16 août 1979(44 ans),LR
"Dufour, AlmaAlma Dufour",6 mai 1990(34 ans),LFI
"Dumont, Pierre-HenriPierre-Henri Dumont",7 octobre 1987(36 ans),LR
"Dunoyer, PhilippePhilippe Dunoyer",11 janvier 1968(56 ans),CE
"Dupont-Aignan, NicolasNicolas Dupont-Aignan",7 mars 1961(63 ans),DLF
"Dupont, StellaStella Dupont",3 novembre 1973(50 ans),"RE,EC"
"Dussopt, OlivierOlivier Dussopt",16 août 1978(45 ans),RE-TdP
"Echaniz, IñakiIñaki Echaniz",2 septembre 1993(30 ans),PS
"Emmanuel, PhilippePhilippe Emmanuel",8 juin 1960(64 ans),RE
"Engrand, ChristineChristine Engrand",7 mai 1955(69 ans),RN
"Erodi, KarenKaren Erodi",4 février 1977(47 ans),LFI-PG
"Errante, SophieSophie Errante",22 juillet 1971(52 ans),RE
"Esquenet-Goxes, LaurentLaurent Esquenet-Goxes",23 août 1962(61 ans),MoDem
"Étienne, MartineMartine Étienne",22 juin 1956(68 ans),LFI
"Fait, PhilippePhilippe Fait",24 juin 1969(55 ans),Horizons
"Falcon, FrédéricFrédéric Falcon",21 novembre 1985(38 ans),RN
"Falorni, OlivierOlivier Falorni",27 mars 1972(52 ans),PRG
"Faucillon, ElsaElsa Faucillon",6 août 1981(42 ans),PCF
"Faure, OlivierOlivier Faure",18 août 1968(55 ans),PS
"Favennec-Bécot, YannickYannick Favennec-Bécot",12 août 1958(65 ans),Horizons
"Fernandes, EmmanuelEmmanuel Fernandes",10 août 1980(43 ans),LFI-PG
"Ferracci, MarcMarc Ferracci",19 décembre 1977(46 ans),RE
"Ferrer, SylvieSylvie Ferrer",6 novembre 1967(56 ans),LFI
"Fiat, CarolineCaroline Fiat",28 janvier 1977(47 ans),LFI-E!
"Fiévet, Jean-MarieJean-Marie Fiévet",19 juin 1964(60 ans),RE
"Firmin-Le Bodo, AgnèsAgnès Firmin-Le Bodo",20 novembre 1968(55 ans),Horizons
"Folest, EstelleEstelle Folest",17 juin 1976(48 ans),RR
"Forissier, NicolasNicolas Forissier",17 février 1961(63 ans),LR
"Fournas, Grégoire deGrégoire de Fournas",19 mars 1985(39 ans),RN
"Fournier, CharlesCharles Fournier",10 mars 1968(56 ans),EÉLV
"François, ThibautThibaut François",10 décembre 1989(34 ans),RN
"Frappé, ThierryThierry Frappé",23 mai 1952(72 ans),RN
"Frei, PhilippePhilippe Frei",28 décembre 1968(55 ans),RE
"Froger, MartineMartine Froger",11 juin 1961(63 ans),PS
"Fuchs, BrunoBruno Fuchs",7 avril 1959(65 ans),MoDem
"Fugit, Jean-LucJean-Luc Fugit",27 novembre 1969(54 ans),RE
"Gaillard, PercevalPerceval Gaillard",24 avril 1983(41 ans),LFI-RÉ974
"Galzy, StéphanieStéphanie Galzy",21 octobre 1981(42 ans),RN
"Garin, Marie-CharlotteMarie-Charlotte Garin",2 septembre 1995(28 ans),EELV
"Garot, GuillaumeGuillaume Garot",20 mai 1966(58 ans),PS
"Garrido, RaquelRaquel Garrido",23 avril 1974(50 ans),LFI
"Gassilloud, ThomasThomas Gassilloud",21 mai 1981(43 ans),Agir
"Gatel, MaudMaud Gatel",6 avril 1979(45 ans),MoDem
"Gaultier, Jean-JacquesJean-Jacques Gaultier",13 juillet 1963(61 ans),LR
"Geismar, LucLuc Geismar",1ernovembre 1966(57 ans),MoDem
"Genetet, AnneAnne Genetet",20 avril 1963(61 ans),RE
"Genevard, AnnieAnnie Genevard",7 septembre 1956(67 ans),LR
"Gérard, FélicieFélicie Gérard",28 janvier 1974(50 ans),Horizons
"Gérard, RaphaëlRaphaël Gérard",17 octobre 1968(55 ans),RE
"Gernigon, FrançoisFrançois Gernigon",2 avril 1961(63 ans),Horizons
"Ghomi, HadrienHadrien Ghomi",6 avril 1989(35 ans),RE
"Giletti, FrankFrank Giletti",1ermars 1973(51 ans),RN
"Gillet, YoannYoann Gillet",29 août 1986(37 ans),RN
"Girard, ChristianChristian Girard",7 mai 1952(72 ans),RN
"Girardin, ÉricÉric Girardin",12 février 1962(62 ans),RE
"Giraud, JoëlJoël Giraud",14 octobre 1959(64 ans),PRV-RE
"Givernet, OlgaOlga Givernet",17 octobre 1981(42 ans),RE
"Gonzalez, JoséJosé Gonzalez",28 avril 1943(81 ans),RN
"Gosselin, PhilippePhilippe Gosselin",23 octobre 1966(57 ans),LR
"Gouffier Valente, GuillaumeGuillaume Gouffier Valente",1erfévrier 1986(38 ans),RE
"Goulet, FlorenceFlorence Goulet",30 juin 1961(63 ans),RN
"Goulet, PerrinePerrine Goulet",19 mars 1978(46 ans),MoDem
"Grandjean, CaroleCarole Grandjean",18 mai 1983(41 ans),RE
"Grangier, GéraldineGéraldine Grangier",13 février 1975(49 ans),RN
"Grelier, Jean-CarlesJean-Carles Grelier",15 mars 1966(58 ans),SL
"Grenon, DanielDaniel Grenon",31 juillet 1948(75 ans),RN
"Gruet, JustineJustine Gruet",23 octobre 1989(34 ans),LR
"Guedj, JérômeJérôme Guedj",23 janvier 1972(52 ans),PS
"Guetté, ClémenceClémence Guetté",15 mars 1991(33 ans),LFI
"Guichard, ClaireClaire Guichard",30 mai 1967(57 ans),RE
"Guiniot, MichelMichel Guiniot",29 novembre 1954(69 ans),RN
"Guiraud, DavidDavid Guiraud",18 novembre 1992(31 ans),LFI
"Guitton, JordanJordan Guitton",30 janvier 1995(29 ans),RN
"Gumbs, FrantzFrantz Gumbs",21 janvier 1954(70 ans),RE-RSM
"Habert-Dassault, VictorVictor Habert-Dassault",12 juillet 1992(32 ans),LR
"Habib, DavidDavid Habib",16 mars 1961(63 ans),DVG
"Habib, MeyerMeyer Habib",28 avril 1961(63 ans),UDI
"Haddad, BenjaminBenjamin Haddad",23 octobre 1985(38 ans),RE
"Hai, NadiaNadia Hai",8 mars 1980(44 ans),RE
"Hajjar, JohnnyJohnny Hajjar",17 janvier 1973(51 ans),PPM
"Hamelet, MarineMarine Hamelet",13 juillet 1967(57 ans),RN
"Haury, YannickYannick Haury",12 juin 1954(70 ans),RE
"Henriet, PierrePierre Henriet",26 novembre 1991(32 ans),Horizons
"Herbillon, MichelMichel Herbillon",6 mars 1951(73 ans),LR
"Hetzel, PatrickPatrick Hetzel",2 juillet 1964(60 ans),LR
"Hignet, MathildeMathilde Hignet",10 juin 1993(31 ans),LFI
"Holroyd, AlexandreAlexandre Holroyd",17 mai 1987(37 ans),RE
"Houlié, SachaSacha Houlié",8 octobre 1988(35 ans),RE
"Houssin, TimothéeTimothée Houssin",29 mai 1988(36 ans),RN
"Husson, ÉricÉric Husson",6 juillet 1963(61 ans),RE
"Iborra, MoniqueMonique Iborra",8 mars 1945(79 ans),RE
"Iordanoff, JérémieJérémie Iordanoff",2 février 1983(41 ans),EELV
"Isaac-Sibille, CyrilleCyrille Isaac-Sibille",30 avril 1958(66 ans),MoDem
"Izard, AlexisAlexis Izard",15 juin 1992(32 ans),RE
"Jacobelli, LaurentLaurent Jacobelli",13 octobre 1969(54 ans),RN
"Jacques, Jean-MichelJean-Michel Jacques",29 février 1968(56 ans),RE
"Jacquier-Laforge, ÉlodieÉlodie Jacquier-Laforge",15 avril 1978(46 ans),MoDem
"Janvier, CarolineCaroline Janvier",9 mars 1982(42 ans),RE
"Jaouen, CatherineCatherine Jaouen",5 avril 1962(62 ans),RN
"Jolivet, FrançoisFrançois Jolivet",21 mars 1966(58 ans),Horizons
"Jolly, AlexisAlexis Jolly",22 décembre 1990(33 ans),RN
"Josso, SandrineSandrine Josso",19 septembre 1975(48 ans),MoDem
"Jourdan, ChantalChantal Jourdan",2 septembre 1958(65 ans),PS
"Julien-Laferrière, HubertHubert Julien-Laferrière",27 février 1966(58 ans),GE
"Jumel, SébastienSébastien Jumel",20 décembre 1971(52 ans),PCF
"Juvin, PhilippePhilippe Juvin",1erfévrier 1964(60 ans),LR
"K/Bidi, EmelineEmeline K/Bidi",13 mai 1987(37 ans),LP
"Kamardine, MansourMansour Kamardine",23 mars 1959(65 ans),LR
"Karamanli, MariettaMarietta Karamanli",18 décembre 1964(59 ans),DVG
"Keke, RachelRachel Keke",30 mai 1974(50 ans),LFI
"Keloua-Hachi, FatihaFatiha Keloua-Hachi",5 juin 1971(53 ans),PS
"Kerbrat, AndyAndy Kerbrat",1eroctobre 1990(33 ans),LFI
"Kervran, LoïcLoïc Kervran",11 février 1984(40 ans),Horizons
"Klinkert, BrigitteBrigitte Klinkert",22 juillet 1956(67 ans),RE
"Kochert, StéphanieStéphanie Kochert",12 août 1975(48 ans),Horizons
"Labaronne, DanielDaniel Labaronne",16 juillet 1955(69 ans),RE
"Lachaud, BastienBastien Lachaud",5 août 1980(43 ans),LFI
"Lacresse, EmmanuelEmmanuel Lacresse",14 juillet 1971(53 ans),RE
"Laernoes, JulieJulie Laernoes",3 juillet 1982(42 ans),EÉLV
"Laisney, MaximeMaxime Laisney",19 janvier 1981(43 ans),LFI
"Lakrafi, Amal AméliaAmal Amélia Lakrafi",20 mars 1978(46 ans),RE
"Lamirault, LucLuc Lamirault",12 mai 1962(62 ans),Horizons
"Lanlo, VirginieVirginie Lanlo",26 avril 1968(56 ans),UDI
"Laporte, HélèneHélène Laporte",29 décembre 1978(45 ans),RN
"Laqhila, MohamedMohamed Laqhila",3 août 1959(64 ans),MoDem
"Larsonneur, Jean-CharlesJean-Charles Larsonneur",24 janvier 1984(40 ans),RE
"Lasserre, FlorenceFlorence Lasserre",29 juin 1974(50 ans),MoDem
"Latombe, PhilippePhilippe Latombe",21 avril 1975(49 ans),MoDem
"Lauzzana, MichelMichel Lauzzana",20 mars 1957(67 ans),RE
"Lavalette, LaureLaure Lavalette",16 avril 1976(48 ans),RN
"Lavergne, PascalPascal Lavergne",28 août 1967(56 ans),RE
"Le Feur, SandrineSandrine Le Feur",18 mars 1991(33 ans),RE
"Le Fur, MarcMarc Le Fur",28 novembre 1956(67 ans),LR
"Le Gac, DidierDidier Le Gac",19 juillet 1965(59 ans),RE
"Le Gall, ArnaudArnaud Le Gall",29 novembre 1980(43 ans),LFI
"Le Gayic, TemataiTematai Le Gayic",11 octobre 2000(23 ans),Tavini
"Le Gendre, GillesGilles Le Gendre",13 mai 1958(66 ans),RE
"Le Grip, ConstanceConstance Le Grip",14 novembre 1960(63 ans),Agir
"Le Hénanff, AnneAnne Le Hénanff",22 juillet 1969(54 ans),Horizons
"Le Meur, AnnaïgAnnaïg Le Meur",29 avril 1973(51 ans),RE
"Le Nabour, ChristineChristine Le Nabour",28 octobre 1964(59 ans),RE
"Le Peih, NicoleNicole Le Peih",28 septembre 1959(64 ans),RE
"Le Pen, MarineMarine Le Pen",5 août 1968(55 ans),RN
"Le Vigoureux, FabriceFabrice Le Vigoureux",27 août 1969(54 ans),RE
"Léaument, AntoineAntoine Léaument",4 septembre 1989(34 ans),LFI
"Lebon, KarineKarine Lebon",9 juin 1985(39 ans),PLR
"Leboucher, ÉliseÉlise Leboucher",9 octobre 1982(41 ans),LFI
"Lecamp, PascalPascal Lecamp",6 avril 1958(66 ans),MoDem
"Lechanteux, JulieJulie Lechanteux",22 décembre 1977(46 ans),RN
"Lecoq, Jean-PaulJean-Paul Lecoq",13 octobre 1958(65 ans),PCF
"Ledoux, VincentVincent Ledoux",21 juin 1966(58 ans),RE
"Leduc, CharlotteCharlotte Leduc",18 juin 1980(44 ans),LFI
"Lefèvre, MathieuMathieu Lefèvre",27 octobre 1986(37 ans),RE
"Legavre, JérômeJérôme Legavre",20 août 1972(51 ans),POI
"Legrain, SarahSarah Legrain",17 novembre 1985(38 ans),LFI
"Lelouis, GisèleGisèle Lelouis",10 mars 1952(72 ans),RN
"Lemaire, DidierDidier Lemaire",23 juillet 1975(48 ans),Horizons
"Lemoine, PatriciaPatricia Lemoine",30 décembre 1961(62 ans),Agir
"Lenormand, StéphaneStéphane Lenormand",13 août 1964(59 ans),AD
"Lépinau, Hervé deHervé de Lépinau",8 juin 1969(55 ans),RN
"Lepvraud, MurielleMurielle Lepvraud",15 juillet 1974(50 ans),LFI
"Leseul, GérardGérard Leseul",15 août 1960(63 ans),PS
"Levavasseur, KatianaKatiana Levavasseur",9 décembre 1970(53 ans),RN
"Lingemann, DelphineDelphine Lingemann",14 novembre 1972(51 ans),MoDem
"Liso, BrigitteBrigitte Liso",29 juillet 1959(64 ans),RE
"Loir, ChristineChristine Loir",22 février 1977(47 ans),RN
"Lopez-Liguori, AurélienAurélien Lopez-Liguori",17 mai 1993(31 ans),RN
"Lorho, Marie-FranceMarie-France Lorho",15 décembre 1964(59 ans),EXD
"Lottiaux, PhilippePhilippe Lottiaux",14 août 1966(57 ans),RN
"Loubet, AlexandreAlexandre Loubet",7 juillet 1994(30 ans),RN
"Louwagie, VéroniqueVéronique Louwagie",20 mars 1961(63 ans),LR
"Lovisolo, Jean-FrançoisJean-François Lovisolo",15 novembre 1968(55 ans),RE
"Lucas, BenjaminBenjamin Lucas",8 octobre 1990(33 ans),G.s
"Luquet, AudeAude Luquet",18 août 1967(56 ans),MoDem
"Magnier, LiseLise Magnier",31 décembre 1984(39 ans),Horizons
"Maillard, SylvainSylvain Maillard",28 avril 1974(50 ans),RE
"Maillart-Méhaignerie, LaurenceLaurence Maillart-Méhaignerie",5 avril 1967(57 ans),RE
"Maillot, FrédéricFrédéric Maillot",15 novembre 1986(37 ans),PLR
"Mandon, EmmanuelEmmanuel Mandon",22 juin 1965(59 ans),MoDem
"Maquet, EmmanuelEmmanuel Maquet",2 juin 1968(56 ans),LR
"Maquet, JacquelineJacqueline Maquet",13 mai 1949(75 ans),RE-TdP
"Marcangeli, LaurentLaurent Marcangeli",10 décembre 1980(43 ans),Horizons-CCB
"Marchio, MatthieuMatthieu Marchio",8 juin 1993(31 ans),RN
"Marchive, BastienBastien Marchive",10 juillet 1990(34 ans),PRV
"Margueritte, LouisLouis Margueritte",10 septembre 1984(39 ans),RE
"Marion, ChristopheChristophe Marion",25 avril 1973(51 ans),RE
"Marleix, OlivierOlivier Marleix",6 février 1971(53 ans),LR
"Marsaud, SandraSandra Marsaud",2 janvier 1974(50 ans),RE
"Martin, AlexandraAlexandra Martin",26 octobre 1968(55 ans),LR-Nouvelle énergie
"Martin, AlexandraAlexandra Martin",28 juillet 1976(47 ans),RE
"Martin, DidierDidier Martin",20 août 1956(67 ans),RE
"Martin, ÉlisaÉlisa Martin",15 mai 1972(52 ans),LFI
"Martin, PascalePascale Martin",24 août 1961(62 ans),LFI
Éric Martineau,8 mai 1968(56 ans),MoDem
"Martinet, WilliamWilliam Martinet",6 septembre 1988(35 ans),LFI
"Martinez, MichèleMichèle Martinez",6 juin 1968(56 ans),RN
"Masséglia, DenisDenis Masséglia",11 avril 1981(43 ans),RE
"Masson, AlexandraAlexandra Masson",2 juillet 1971(53 ans),RN
"Masson, BryanBryan Masson",21 décembre 1996(27 ans),RN
"Mathiasin, MaxMax Mathiasin",24 février 1956(68 ans),DVG
"Mathieu, FrédéricFrédéric Mathieu",6 novembre 1977(46 ans),LFI
"Mattei, Jean-PaulJean-Paul Mattei",21 mars 1954(70 ans),MoDem
"Maudet, DamienDamien Maudet",14 novembre 1996(27 ans),LFI
"Mauvieux, KévinKévin Mauvieux",9 septembre 1991(32 ans),RN
"Maximi, MarianneMarianne Maximi",13 novembre 1985(38 ans),LFI
"Mazars, StéphaneStéphane Mazars",25 mars 1969(55 ans),RE
Nicolas Meizonnet,22 décembre 1983(40 ans),RN
"Melchior, GraziellaGraziella Melchior",6 avril 1960(64 ans),RE
"Mélin, JoëlleJoëlle Mélin",26 mars 1950(74 ans),RN
"Menache, YaëlYaël Menache",12 mai 1985(39 ans),RN
"Ménagé, ThomasThomas Ménagé",6 janvier 1992(32 ans),RN
"Ménard, EmmanuelleEmmanuelle Ménard",15 août 1968(55 ans),EXD
"Mendes, LudovicLudovic Mendes",11 avril 1987(37 ans),RE
"Métayer, LysianeLysiane Métayer",7 août 1963(60 ans),RE-TdP
"Mette, SophieSophie Mette",13 septembre 1959(64 ans),MoDem
"Metzdorf, NicolasNicolas Metzdorf",20 mai 1988(36 ans),RE-GNC
"Meunier, FrédériqueFrédérique Meunier",8 décembre 1960(63 ans),LR
"Meunier, ManonManon Meunier",30 mars 1996(28 ans),LFI
"Meurin, PierrePierre Meurin",30 novembre 1989(34 ans),RN
"Meynier-Millefert, MarjolaineMarjolaine Meynier-Millefert",30 septembre 1982(41 ans),RE-TdP
"Midy, PaulPaul Midy",25 janvier 1983(41 ans),RE
"Miller, LaureLaure Miller",25 décembre 1983(40 ans),RE
"Millienne, BrunoBruno Millienne",28 novembre 1959(64 ans),MoDem
"Minot, MaximeMaxime Minot",20 juillet 1987(36 ans),LR
"Molac, PaulPaul Molac",21 mai 1962(62 ans),REG
"Monnet, YannickYannick Monnet",7 octobre 1975(48 ans),PCF
"de Montchalin, VéroniqueVéronique de Montchalin",20 juin 1948(76 ans),RE
Louise Morel,15 octobre 1995(28 ans),MoDem
Pierre Morel-À-L'Huissier,21 décembre 1958(65 ans),UDI
"Mournet, BenoîtBenoît Mournet",16 janvier 1986(38 ans),RE
"Moutchou, NaïmaNaïma Moutchou",4 novembre 1980(43 ans),Horizons
"Muller, SergeSerge Muller",26 février 1976(48 ans),RN
"Nadeau, MarcellinMarcellin Nadeau",2 novembre 1962(61 ans),Péyi-A
"Naegelen, ChristopheChristophe Naegelen",30 décembre 1983(40 ans),DVD
"Naillet, PhilippePhilippe Naillet",14 août 1960(63 ans),PS
"Neuder, YannickYannick Neuder",15 mars 1969(55 ans),LR
"Nilor, Jean-PhilippeJean-Philippe Nilor",15 mai 1965(59 ans),Péyi-A
"Nury, JérômeJérôme Nury",25 août 1972(51 ans),LR
"Obono, DanièleDanièle Obono",12 juillet 1980(44 ans),LFI
"Odoul, JulienJulien Odoul",8 mai 1985(39 ans),RN
"Olive, KarlKarl Olive",29 mars 1969(55 ans),RE
"Ott, HubertHubert Ott",6 juin 1964(60 ans),MoDem
"Oziol, NathalieNathalie Oziol",18 février 1990(34 ans),LFI
"Pacquot, NicolasNicolas Pacquot",12 février 1978(46 ans),RE
"Padey, DidierDidier Padey",9 novembre 1965(58 ans),MoDem
"Pahun, JimmyJimmy Pahun",15 mai 1962(62 ans),MoDem
"Pancher, BertrandBertrand Pancher",5 juin 1958(66 ans),DVC
"Panifous, LaurentLaurent Panifous",21 décembre 1976(47 ans),DVG
"Panonacle, SophieSophie Panonacle",16 décembre 1968(55 ans),RE
"Panosyan-Bouvet, AstridAstrid Panosyan-Bouvet",13 août 1971(52 ans),RE
"Panot, MathildeMathilde Panot",15 janvier 1989(35 ans),LFI
"Parakian, DidierDidier Parakian",5 mars 1964(60 ans),RE
"Paris, DidierDidier Paris",14 février 1954(70 ans),RE
"Paris, MathildeMathilde Paris",14 janvier 1985(39 ans),RN
"Parmentier, CarolineCaroline Parmentier",16 décembre 1965(58 ans),RN
"Parmentier-Lecocq, CharlotteCharlotte Parmentier-Lecocq",17 juillet 1977(47 ans),RE
"Pasquini, FrancescaFrancesca Pasquini",27 décembre 1981(42 ans),EELV
"Patrier-Leitus, JérémieJérémie Patrier-Leitus",7 mars 1989(35 ans),Horizons
"Pauget, ÉricÉric Pauget",18 août 1970(53 ans),LR-SL
"Pellerin, EmmanuelEmmanuel Pellerin",20 août 1970(53 ans),RE
"Périgault, IsabelleIsabelle Périgault",4 septembre 1971(52 ans),LR
"Perrot, PatricePatrice Perrot",24 février 1964(60 ans),RE
"Petel, Anne-LaurenceAnne-Laurence Petel",8 février 1970(54 ans),RE
"Petex-Levet, ChristelleChristelle Petex-Levet",2 septembre 1980(43 ans),LR
"Petit, BertrandBertrand Petit",28 août 1964,PS
"Petit, FrédéricFrédéric Petit",10 février 1961(63 ans),MoDem
"Petit, MaudMaud Petit",15 novembre 1971(52 ans),MoDem
"Peu, StéphaneStéphane Peu",24 juillet 1962(61 ans),PCF
"Peyron, MichèleMichèle Peyron",22 juillet 1961(62 ans),RE-TdP
"Peytavie, SébastienSébastien Peytavie",17 avril 1982(42 ans),G.s
"Pfeffer, KévinKévin Pfeffer",9 juillet 1990(34 ans),RN
"Pic, AnnaAnna Pic",4 juin 1978(46 ans),PS
"Pilato, RenéRené Pilato",31 août 1962,LFI
"Piquemal, FrançoisFrançois Piquemal",28 décembre 1984(39 ans),LFI
"Pirès-Beaune, ChristineChristine Pirès-Beaune",6 octobre 1964(59 ans),PS
"Piron, BéatriceBéatrice Piron",30 août 1965(58 ans),RE
"Plassard, ChristopheChristophe Plassard",19 novembre 1967(56 ans),Horizons
"Pochon, MarieMarie Pochon",4 mai 1990(34 ans),EÉLV
"Pollet, LisetteLisette Pollet",4 janvier 1968(56 ans),RN
"Pont, Jean-PierreJean-Pierre Pont",9 mai 1950(74 ans),RE
"Portarrieu, Jean-FrançoisJean-François Portarrieu",14 octobre 1965(58 ans),AC
"Portes, ThomasThomas Portes",18 novembre 1985(38 ans),LFI
"Portier, AlexandreAlexandre Portier",21 avril 1990(34 ans),LR
"Potier, DominiqueDominique Potier",17 mars 1964(60 ans),PS
"Poueyto, JosyJosy Poueyto",13 janvier 1954(70 ans),MoDem
"Poulliat, ÉricÉric Poulliat",9 juillet 1974(50 ans),RE
"Poussier-Winsback, Marie-AgnèsMarie-Agnès Poussier-Winsback",25 mars 1967(57 ans),Horizons
"Pouzyreff, NataliaNatalia Pouzyreff",18 février 1961(63 ans),RE
"Pradal, PhilippePhilippe Pradal",1erfévrier 1963(61 ans),Horizons
"Pradié, AurélienAurélien Pradié",14 mars 1986(38 ans),LR
"Prud'homme, LoïcLoïc Prud'homme",19 août 1969(54 ans),LFI
"Quatennens, AdrienAdrien Quatennens",23 mai 1990(34 ans),LFI
"Rabault, ValérieValérie Rabault",25 mai 1973(51 ans),PS
"Rambaud, StéphaneStéphane Rambaud",5 avril 1960(64 ans),RN
"Ramos, RichardRichard Ramos",23 mars 1968(56 ans),MoDem
"Ranc, AngéliqueAngélique Ranc",16 mars 1988(36 ans),RN
"Rancoule, JulienJulien Rancoule",31 juillet 1993(30 ans),RN
"Ratenon, Jean-HuguesJean-Hugues Ratenon",25 juin 1967(57 ans),LFI-RÉ974
"Rauch, IsabelleIsabelle Rauch",10 août 1968(55 ans),Horizons-RE
"Raux, Jean-ClaudeJean-Claude Raux",18 janvier 1967(57 ans),EELV
"Ray, NicolasNicolas Ray",14 mai 1981(43 ans),LR
"Rebeyrotte, RémyRémy Rebeyrotte",27 mars 1966(58 ans),RE-TdP
"Reda, RobinRobin Reda",10 mai 1991(33 ans),RE
"Regol, SandraSandra Regol",13 avril 1978(46 ans),EELV
"Reid Arbelot, MereanaMereana Reid Arbelot",12 septembre 1970(53 ans),app.Tavini
"Rilhac, CécileCécile Rilhac",21 avril 1974(50 ans),RE-EC
"Rimane, DavyDavy Rimane",15 décembre 1979(44 ans),DVG
"Riotton, VéroniqueVéronique Riotton",2 novembre 1969(54 ans),RE
"Rist, StéphanieStéphanie Rist",6 août 1973(50 ans),RE
"Rixain, Marie-PierreMarie-Pierre Rixain",18 janvier 1977(47 ans),RE
"Robert-Dehault, LaurenceLaurence Robert-Dehault",17 janvier 1964(60 ans),RN
"Rodwell, CharlesCharles Rodwell",26 juillet 1996(27 ans),Agir
"Rolland, VincentVincent Rolland",1erfévrier 1970(54 ans),LR
"Rome, SébastienSébastien Rome",12 octobre 1978(45 ans),LFI
"Roseren, XavierXavier Roseren",12 janvier 1970(54 ans),RE
"Rouaux, ClaudiaClaudia Rouaux",13 octobre 1963(60 ans),PS
"Roullaud, BéatriceBéatrice Roullaud",9 juin 1960(64 ans),RN
"Rousseau, SandrineSandrine Rousseau",8 mars 1972(52 ans),EELV
"Roussel, FabienFabien Roussel",16 avril 1969(55 ans),PCF
"Rousset, Jean-FrançoisJean-François Rousset",9 septembre 1952(71 ans),RE
"Royer-Perreaut, LionelLionel Royer-Perreaut",13 novembre 1972(51 ans),DVD
"Rudigoz, ThomasThomas Rudigoz",11 janvier 1971(53 ans),RE
"Ruffin, FrançoisFrançois Ruffin",18 octobre 1975(48 ans),LFI-PD
"Sabatini, AnaïsAnaïs Sabatini",10 mars 1990(34 ans),RN
"Sabatou, AlexandreAlexandre Sabatou",18 février 1993(31 ans),RN
"Saint-Huile, BenjaminBenjamin Saint-Huile",10 mai 1983(41 ans),DVG
"Saint-Paul, LaetitiaLaetitia Saint-Paul",21 janvier 1981(43 ans),RE
"Saintoul, AurélienAurélien Saintoul",26 mai 1988(36 ans),LFI
"Sala, MichelMichel Sala",13 mai 1954(70 ans),LFI
"Salmon, ÉmericÉmeric Salmon",26 novembre 1973(50 ans),RN
"Sansu, NicolasNicolas Sansu",17 juin 1968(56 ans),PCF
"Santiago, IsabelleIsabelle Santiago",20 septembre 1965(58 ans),PS
"Sas, ÉvaÉva Sas",13 août 1970(53 ans),EELV
"Saulignac, HervéHervé Saulignac",6 novembre 1970(53 ans),PS
"Schellenberger, RaphaëlRaphaël Schellenberger",14 février 1990(34 ans),LR
"Schreck, PhilippePhilippe Schreck",2 février 1972(52 ans),RN
"Sebaihi, SabrinaSabrina Sebaihi",10 mai 1981(43 ans),EELV
"Seitlinger, VincentVincent Seitlinger",18 janvier 1987(37 ans),LR
"Seo, MikaeleMikaele Seo",27 décembre 1971(52 ans),RE
"Serre, NathalieNathalie Serre",17 août 1968(55 ans),LR
"Serva, OlivierOlivier Serva",21 juin 1974(50 ans),GUSR
"Simonnet, DanielleDanielle Simonnet",2 juillet 1971(53 ans),LFI
"Sitzenstuhl, CharlesCharles Sitzenstuhl",3 décembre 1988(35 ans),Agir
"Sorez, PhilippePhilippe Sorez",20 mai 1961(63 ans),TdP
"Sorre, BertrandBertrand Sorre",8 mai 1965(59 ans),RE
"Soudais, ErsiliaErsilia Soudais",21 mai 1988(36 ans),LFI
"Spillebout, VioletteViolette Spillebout",2 septembre 1972(51 ans),RE
"Stambach-Terrenoir, AnneAnne Stambach-Terrenoir",23 juin 1980(44 ans),LFI
"Studer, BrunoBruno Studer",18 juin 1978(46 ans),RE
"Tabarot, MichèleMichèle Tabarot",13 octobre 1962(61 ans),LR
"Taché, AurélienAurélien Taché",26 mai 1984(40 ans),EELV
"Taché de La Pagerie, EmmanuelEmmanuel Taché de La Pagerie",20 février 1975(49 ans),RN
"Taillé-Polian, SophieSophie Taillé-Polian",4 octobre 1974(49 ans),G.s
"Taite, Jean-PierreJean-Pierre Taite",14 mars 1962(62 ans),LR
"Tanguy, Jean-PhilippeJean-Philippe Tanguy",25 mars 1986(38 ans),RN
"Tanguy, LilianaLiliana Tanguy",12 mars 1967(57 ans),RE
"Tanzilli, SarahSarah Tanzilli",23 janvier 1985(39 ans),RE
"Taupiac, DavidDavid Taupiac",9 juin 1975(49 ans),DVG
"Taurinya, AndréeAndrée Taurinya",3 juin 1963(61 ans),LFI
"Tavel, MatthiasMatthias Tavel",6 juillet 1987(37 ans),LFI
"Taverne, MichaëlMichaël Taverne",10 mars 1979(45 ans),RN
"Tellier, Jean-MarcJean-Marc Tellier",23 août 1969(54 ans),PCF
"Terlier, JeanJean Terlier",2 mars 1977(47 ans),RE
"Thiébaut, VincentVincent Thiébaut",23 mai 1972(52 ans),Horizons-RE
"Thiériot, Jean-LouisJean-Louis Thiériot",26 juin 1969(55 ans),LR
"Thierry, NicolasNicolas Thierry",8 décembre 1975(48 ans),EELV
"Thillaye, SabineSabine Thillaye",18 mai 1959(65 ans),MoDem
"Thomin, MélanieMélanie Thomin",4 juin 1984(40 ans),PS
"Tiegna, HuguetteHuguette Tiegna",1eravril 1982(42 ans),RE
"Tivoli, LionelLionel Tivoli",29 février 1988(36 ans),RN
"Travert, StéphaneStéphane Travert",12 octobre 1969(54 ans),RE
"Trouvé, AurélieAurélie Trouvé",20 septembre 1979(44 ans),LFI
"Turquois, NicolasNicolas Turquois",26 juillet 1972(51 ans),MoDem
"Untermaier, CécileCécile Untermaier",28 décembre 1951(72 ans),PS
"Valence, DavidDavid  Valence",7 octobre 1981(42 ans),PRV
"Valentin, IsabelleIsabelle Valentin",20 janvier 1962(62 ans),LR
"Vallaud, BorisBoris Vallaud",25 juillet 1975(48 ans),PS
"Vannier, PaulPaul Vannier",19 septembre 1985(38 ans),LFI-PG
"Vatin, PierrePierre Vatin",21 août 1967(56 ans),LR
"Véran, OlivierOlivier Véran",22 avril 1980(44 ans),RE
"Vermorel-Marques, AntoineAntoine Vermorel-Marques",17 février 1993(31 ans),LR
"Vichnievsky, LaurenceLaurence Vichnievsky",5 février 1955(69 ans),MoDem
"Vicot, RogerRoger Vicot",1erjuin 1963(61 ans),PS
"Vidal, AnnieAnnie Vidal",17 septembre 1956(67 ans),RE
"Vigier, Jean-PierreJean-Pierre Vigier",22 octobre 1969(54 ans),LR
"Vigier, PhilippePhilippe Vigier",3 février 1958(66 ans),MoDem
"Vignal, PatrickPatrick Vignal",22 janvier 1958(66 ans),RE
"Vignon, CorinneCorinne Vignon",10 juin 1963(61 ans),RE
"Vilgrain, JulietteJuliette Vilgrain",7 mai 1960(64 ans),Horizons
"Villedieu, AntoineAntoine Villedieu",8 mars 1989(35 ans),RN
"Villiers, AndréAndré Villiers",13 décembre 1954(69 ans),Horizons
"Vincendet, AlexandreAlexandre Vincendet",6 octobre 1983(40 ans),LR
"Violland, Anne-CécileAnne-Cécile Violland",10 juin 1973(51 ans),Horizons
"Viry, StéphaneStéphane Viry",14 octobre 1969(54 ans),LR
"Vojetta, StéphaneStéphane Vojetta",19 juillet 1974(50 ans),DVC
"Vuibert, LionelLionel Vuibert",31 août 1968(55 ans),Agir
"Vuilletet, GuillaumeGuillaume Vuilletet",20 juin 1967(57 ans),RE
"Walter, LéoLéo Walter",14 avril 1972(52 ans),LFI
"Warsmann, Jean-LucJean-Luc Warsmann",22 octobre 1965(58 ans),DVD
"Weissberg, ChristopherChristopher Weissberg",26 novembre 1985(38 ans),RE
"William, JiovannyJiovanny William",3 juin 1985(39 ans),DVG
"Woerth, ÉricÉric Woerth",29 janvier 1956(68 ans),DVD
"Yadan, CarolineCaroline Yadan",14 août 1968(55 ans),RE
"Youssouffa, EstelleEstelle Youssouffa",31 juillet 1978(45 ans),DVD
"Zulesi, Jean-MarcJean-Marc Zulesi",6 juin 1988(36 ans),RE
